Leopard,
Wolf,
Jaguar,
Panther,
Tiger,
Dog,
Fox,
Panda,
Cheetah,
Otter,
Puma,
Seal,
Lion,
Cougar,
Bottlenose Dolphin,
Deer,
Koala,
Wildcat,
Owl,
Golden Retriever,
Grizzly Bear,
Bunny,
Lynx,
Killer Whale,
Ocelot,
Cat,
German Shepherd,
Zebra,
Chipmunk,
Hummingbird,
Horse,
Saber-Toothed Cat,
Kangaroo,
Rabbit,
Eagle,
Coyote,
Elephant,
Reindeer,
Giraffe,
Turtle,
Bear,
Chameleon,
Lemur,
Gazelle,
Raccoon,
Platypus,
Whale,
Squirrel,
Beaver,
Hedgehog,
Monkey,
Blue Jay,
Hamster,
Ferret,
Wolverine,
Dingo,
Komodo Dragon,
Moose,
Beagle,
Lamb,
Antelope,
Parrot,
Weasel,
Tortoise,
Badger,
Gorilla,
Guinea Pig,
Hare,
Sloth,
Rhinoceros,
Porcupine,
Hyena,
Swan,
Toucan,
Raven,
Armadillo,
Pig,
Walrus,
Roadrunner,
Crocodile,
Elk,
Lizard,
Llama,
Chimpanzee,
Bison,
Camel,
Woodpecker,
Bat,
Alligator,
Iguana,
Donkey,
Duck,
Octopus,
Hippopotamus,
Ram,
Orangutan,
Alpaca,
Sheep,
Pug,
Mouse,
Buffalo,
Mongoose,
Goat,
Osprey,
Parakeet,
Kiwi,
Kingfisher,
Bulldog,
Dove,
Ape,
Turkey,
Snake,
Wombat,
Salamander,
Pelican,
Pigeon,
Canary,
Cow,
Impala,
Crow,
Frog,
Poodle,
Squid,
Heron,
Condor,
Newt,
Quail,
Goldfish,
Anteater,
Bull,
Boar,
Scorpion,
Cuttlefish,
Muskrat,
Gopher,
Shrike,
Pheasant,
Goose,
Tapir,
Yak,
Crab,
Baboon,
Ox,
Ewe,
Skunk,
Gull,
Mule,
Duckbill,
Aardvark,
Shrew,
Tern,
Salmon,
Rat,
Toad,
Warthog,
Hog,
Mole,
Tarantula,
Shrimp,
Sand Dollar,
Tuna,
Scallop,